text,label,SR route,prob
best reads,Abstain,NO_NODES_DETECTED,NA
tamerind,Factual,NO_NODES_DETECTED,NA
show mi ip,Instrumental,NO_NODES_DETECTED,NA
do carpenter ants eat wood,Factual,NO_NODES_DETECTED,NA
rheumatoid arthritis in children,Abstain,Navigational,NA
flight regulations,Abstain,NO_NODES_DETECTED,NA
sports swimming,Factual,NO_NODES_DETECTED,NA
tacoma wheelbase,Factual,NO_NODES_DETECTED,NA
cooking boneless chicken breasts,Instrumental,Instrumental,NA
how much are medicare premiums for 2018,Factual,NO_NODES_DETECTED,NA
does quizlet cost money,Factual,NO_NODES_DETECTED,NA
outlamder,Factual,NO_NODES_DETECTED,NA
"turbotax.cp,",Navigational,NO_NODES_DETECTED,NA
custom gifts,Abstain,NO_NODES_DETECTED,NA
cariboo coffee,Navigational,Navigational,NA
is richard gere dead,Factual,NO_NODES_DETECTED,NA
idverify.irs.gov refund,Navigational,NO_NODES_DETECTED,NA
arctanhx,Factual,NO_NODES_DETECTED,NA
10+4,Factual,NO_NODES_DETECTED,NA
c# save settings,Factual,NO_NODES_DETECTED,NA
cdczika,Navigational,NO_NODES_DETECTED,NA
what is lead time,Factual,Factual,NA
direct debits,Navigational,Navigational,NA
muscolare,Factual,NO_NODES_DETECTED,NA
place in spain,Factual,NO_NODES_DETECTED,NA
celebrities dead or alive website,Navigational,NO_NODES_DETECTED,NA
apple phone replacement,Factual,NO_NODES_DETECTED,NA
weather vancouver march,Factual,NO_NODES_DETECTED,NA
almond butter,Abstain,NO_NODES_DETECTED,NA
"www,craiglist",Navigational,Navigational,NA
force and motion video,Abstain,NO_NODES_DETECTED,NA
what is physical development in childcare,Factual,NO_NODES_DETECTED,NA
best crossbow for deer hunting,Abstain,NO_NODES_DETECTED,NA
can i order prescription eyeglasses online,Transactional,NO_NODES_DETECTED,NA
slo county jail,Navigational,NO_NODES_DETECTED,NA
post traumatic epilepsy,Factual,NO_NODES_DETECTED,NA
famous black explorers,Abstain,NO_NODES_DETECTED,NA
health benefits of beet juice,Abstain,Abstain,NA
ss-5,Abstain,NO_NODES_DETECTED,NA
paycvor,Navigational,NO_NODES_DETECTED,NA
zeus family tree,Factual,NO_NODES_DETECTED,NA
gc12 battery,Factual,NO_NODES_DETECTED,NA
background sound effects free download,Transactional,NO_NODES_DETECTED,NA
mars retrograde motion,Factual,NO_NODES_DETECTED,NA
oberto,Factual,NO_NODES_DETECTED,NA
dell support assistant repair,Factual,Navigational,NA
aquitaine,Factual,NO_NODES_DETECTED,NA
marines seal,Abstain,NO_NODES_DETECTED,NA
what does the pharynx do,Factual,NO_NODES_DETECTED,NA
irish alphabet,Factual,NO_NODES_DETECTED,NA
test mic windows 10,Instrumental,NO_NODES_DETECTED,NA
retention meaning,Factual,NO_NODES_DETECTED,NA
gooogle login,Navigational,NO_NODES_DETECTED,NA
excel merge data,Instrumental,NO_NODES_DETECTED,NA
pioneer woman brisket recipe,Factual,NO_NODES_DETECTED,NA
flowers for algernon daniel keyes,Factual,NO_NODES_DETECTED,NA
bank of eastern oregon,Navigational,Navigational,NA
indeed job,Navigational,NO_NODES_DETECTED,NA
phising scam,Factual,NO_NODES_DETECTED,NA
clemson tigers news,Abstain,Navigational,NA
how indira gandhi died,Factual,NO_NODES_DETECTED,NA
cbs sports network live stream,Abstain,Navigational,NA
sensitivity calculation,Abstain,NO_NODES_DETECTED,NA
tangled characters names,Factual,NO_NODES_DETECTED,NA
fallout new vegas ultimate edition,Factual,NO_NODES_DETECTED,NA
rescue knots,Abstain,Instrumental,NA
padora music,Transactional,NO_NODES_DETECTED,NA
community bank westfield ny,Navigational,Navigational,NA
how to measure 7 8 cup,Instrumental,Instrumental,NA
hands turn purple bluish color,Abstain,NO_NODES_DETECTED,NA
definition of activation energy,Factual,NO_NODES_DETECTED,NA
launch tech usa,Navigational,NO_NODES_DETECTED,NA
new jersey corvette dealer largest,Abstain,NO_NODES_DETECTED,NA
salt intake,Abstain,NO_NODES_DETECTED,NA
liver spots on back,Abstain,NO_NODES_DETECTED,NA
dfas help desk,Abstain,NO_NODES_DETECTED,NA
a340-200,Factual,NO_NODES_DETECTED,NA
anthem blue cross number,Factual,NO_NODES_DETECTED,NA
atorvastain,Factual,NO_NODES_DETECTED,NA
did romeo and juliet get married,Factual,NO_NODES_DETECTED,NA
meaning of exception,Factual,NO_NODES_DETECTED,NA
car rental abroad,Abstain,NO_NODES_DETECTED,NA
nadaguidelines,Navigational,NO_NODES_DETECTED,NA
vizio tv remote app,Transactional,NO_NODES_DETECTED,NA
mint green hex,Abstain,NO_NODES_DETECTED,NA
https://support.hpe.com,Navigational,NO_NODES_DETECTED,NA
airline abbreviation codes,Factual,NO_NODES_DETECTED,NA
chesapeake bay bridge tunnel construction,Abstain,NO_NODES_DETECTED,NA
duration calculator between two dates,Transactional,Transactional,NA
accuweather monthly forecast,Navigational,Factual,NA
download crome free,Transactional,NO_NODES_DETECTED,NA
zip codes by address,Factual,NO_NODES_DETECTED,NA
black vault website,Navigational,NO_NODES_DETECTED,NA
driver license office near me,Abstain,NO_NODES_DETECTED,NA
phosphate conversion coating,Factual,NO_NODES_DETECTED,NA
cannot start microsoft outlook 365,Instrumental,NO_NODES_DETECTED,NA
the benefits of cinnamon,Abstain,NO_NODES_DETECTED,NA
united states inflation rate 2018,Factual,NO_NODES_DETECTED,NA
free algebra word problem solver,Transactional,NO_NODES_DETECTED,NA
best startup companies,Abstain,NO_NODES_DETECTED,NA
elasticity coefficient,Factual,NO_NODES_DETECTED,NA
what are signs of pneumonia in adults,Factual,NO_NODES_DETECTED,NA
gmail uc davis,Navigational,NO_NODES_DETECTED,NA
about rose,Abstain,NO_NODES_DETECTED,NA
indiana members credit union login,Navigational,NO_NODES_DETECTED,NA
minnesota inmates,Abstain,NO_NODES_DETECTED,NA
nursing license lookup,Abstain,Transactional,NA
netflix.com my account,Navigational,Navigational,NA
why is my cricut cutting through vinyl,Factual,NO_NODES_DETECTED,NA
whale watching east coast,Abstain,NO_NODES_DETECTED,NA
pocker online,Transactional,Transactional,NA
sdtax,Abstain,NO_NODES_DETECTED,NA
knight rider tv show,Factual,NO_NODES_DETECTED,NA
air canada plane,Navigational,Abstain,NA
ffafsa,Navigational,NO_NODES_DETECTED,NA
how to install sharkbite,Instrumental,NO_NODES_DETECTED,NA
funny google street view images,Transactional,NO_NODES_DETECTED,NA
sage name meaning,Factual,NO_NODES_DETECTED,NA
disabled iphone connect to itunes not working,Abstain,NO_NODES_DETECTED,NA
can i cancel car insurance anytime,Factual,NO_NODES_DETECTED,NA
national weather radar live doppler,Factual,Navigational,NA
solitaire game cards,Abstain,Transactional,NA
conjunctions list,Factual,NO_NODES_DETECTED,NA
download outlook for win 10,Transactional,Transactional,NA
perseverations,Factual,NO_NODES_DETECTED,NA
edit pdf size,Instrumental,NO_NODES_DETECTED,NA
one drive singin,Navigational,Navigational,NA
alabaster stone,Factual,NO_NODES_DETECTED,NA
ibuprofen pregnancy,Abstain,NO_NODES_DETECTED,NA
kitcc,Navigational,NO_NODES_DETECTED,NA
kitchen remodel cost,Factual,NO_NODES_DETECTED,NA
how many people died in the civil war,Factual,NO_NODES_DETECTED,NA
what is the most unhealthy food in the world,Factual,NO_NODES_DETECTED,NA
anticathexis,Factual,NO_NODES_DETECTED,NA
morningstar moat,Navigational,NO_NODES_DETECTED,NA
drinking alkaline water benefits,Abstain,NO_NODES_DETECTED,NA
nutrients in pomegranate,Abstain,NO_NODES_DETECTED,NA
issues in the us today,Abstain,NO_NODES_DETECTED,NA
quicken loans arena,Factual,NO_NODES_DETECTED,NA
idle for python,Abstain,NO_NODES_DETECTED,NA
eel skin,Factual,NO_NODES_DETECTED,NA
what does rosacea look like,Factual,NO_NODES_DETECTED,NA
i need my desktop back,Abstain,NO_NODES_DETECTED,NA
terre haute weather forecast,Factual,Factual,NA
asthma medications,Abstain,NO_NODES_DETECTED,NA
ozark season 3,Factual,Factual,NA
chilie,Abstain,NO_NODES_DETECTED,NA
mr hans,Abstain,NO_NODES_DETECTED,NA
green valley casino henderson nv,Abstain,NO_NODES_DETECTED,NA
evisa egypt,Factual,NO_NODES_DETECTED,NA
octopus symbolism,Abstain,NO_NODES_DETECTED,NA
cricinfo scores,Navigational,Navigational,NA
high neutrophils low lymphocytes,Abstain,NO_NODES_DETECTED,NA
thin ribbon rack builder,Abstain,NO_NODES_DETECTED,NA
what is this ip,Factual,NO_NODES_DETECTED,NA
window loader,Transactional,NO_NODES_DETECTED,NA
cooking a prime rib roast,Instrumental,Instrumental,NA
https://web-mech01.mail.mil/owa,Navigational,NO_NODES_DETECTED,NA
meaning of nouns,Factual,NO_NODES_DETECTED,NA
exit tickets template,Abstain,NO_NODES_DETECTED,NA
how many bags of concrete for 1 yard,Factual,NO_NODES_DETECTED,NA
rmb and cny,Abstain,NO_NODES_DETECTED,NA
big brother 2018,Factual,NO_NODES_DETECTED,NA
carteret county public library,Navigational,Abstain,NA
steve mcqueen morgue photo,Factual,NO_NODES_DETECTED,NA
toothpaste for gum disease,Abstain,NO_NODES_DETECTED,NA
ectum,Factual,NO_NODES_DETECTED,NA
good sam enterprises,Abstain,NO_NODES_DETECTED,NA
soptfy,Navigational,NO_NODES_DETECTED,NA
2018 ford taurus sho,Factual,NO_NODES_DETECTED,NA
eye optic nerve,Abstain,NO_NODES_DETECTED,NA
44142,Factual,NO_NODES_DETECTED,NA
geez word,Factual,NO_NODES_DETECTED,NA
personal fall arrest system osha,Abstain,NO_NODES_DETECTED,NA
paypal.com/prepaidlogin,Navigational,NO_NODES_DETECTED,NA
highclere castle history,Abstain,NO_NODES_DETECTED,NA
barbie matel,Navigational,NO_NODES_DETECTED,NA
moniker definition,Factual,NO_NODES_DETECTED,NA
kekegenkai,Factual,NO_NODES_DETECTED,NA
toledo city school district,Navigational,Abstain,NA
texas rangers disbanded,Factual,NO_NODES_DETECTED,NA
volkswagen credit payoff phone number,Factual,NO_NODES_DETECTED,NA
what are the levels of organization of the human body,Factual,NO_NODES_DETECTED,NA
aids sign,Abstain,NO_NODES_DETECTED,NA
deers.gov,Navigational,NO_NODES_DETECTED,NA
mrsa recurrence,Abstain,NO_NODES_DETECTED,NA
oticon opn 1,Factual,NO_NODES_DETECTED,NA
pdf add,Instrumental,Transactional,NA
implantation bleeding,Abstain,NO_NODES_DETECTED,NA
la fitness,Navigational,NO_NODES_DETECTED,NA
northern safety & industrial,Navigational,Factual,NA
top paid footballers,Abstain,NO_NODES_DETECTED,NA
new york real id,Navigational,NO_NODES_DETECTED,NA
b12,Factual,NO_NODES_DETECTED,NA
ford hybrid,Factual,NO_NODES_DETECTED,NA
nocturnal,Factual,NO_NODES_DETECTED,NA
how often do ball pythons eat,Factual,NO_NODES_DETECTED,NA
ssamsung,Abstain,NO_NODES_DETECTED,NA
uat sign off,Abstain,NO_NODES_DETECTED,NA
rescue bridge,Abstain,NO_NODES_DETECTED,NA
mrcp,Factual,NO_NODES_DETECTED,NA
how to change a catalytic converter,Instrumental,NO_NODES_DETECTED,NA
bare metal stent,Abstain,Factual,NA
how to convert excel to csv file,Instrumental,Instrumental,NA
mexico's population 2018,Factual,NO_NODES_DETECTED,NA
the monster mash,Factual,NO_NODES_DETECTED,NA
semifowler,Factual,NO_NODES_DETECTED,NA
parthena,Factual,NO_NODES_DETECTED,NA
blue cross blue shield individual plans,Abstain,Abstain,NA
former wimbledon champions,Factual,NO_NODES_DETECTED,NA
siren wisconsin,Factual,NO_NODES_DETECTED,NA
baked chicken drumsticks,Factual,Instrumental,NA
definition of rv,Factual,NO_NODES_DETECTED,NA
rpm,Factual,NO_NODES_DETECTED,NA
new,Abstain,Abstain,NA
places to stay near the grand canyon,Abstain,NO_NODES_DETECTED,NA
google dublin,Navigational,NO_NODES_DETECTED,NA
sql getdate format,Factual,NO_NODES_DETECTED,NA
dissolving plaque on teeth,Instrumental,NO_NODES_DETECTED,NA
what is christian character,Factual,NO_NODES_DETECTED,NA
columbus zoo and aquarium ohio,Navigational,NO_NODES_DETECTED,NA
quitiapine',Factual,NO_NODES_DETECTED,NA
notary rules,Abstain,NO_NODES_DETECTED,NA
is metformin dangerous,Factual,NO_NODES_DETECTED,NA
procurement meaning in english,Factual,NO_NODES_DETECTED,NA
dcm,Factual,Navigational,NA
low grade glioma,Factual,NO_NODES_DETECTED,NA
solar eclipse 2019 usa where,Factual,NO_NODES_DETECTED,NA
best vacations on a budget,Abstain,NO_NODES_DETECTED,NA
dave and busters tulsa,Navigational,NO_NODES_DETECTED,NA
masters grading,Abstain,NO_NODES_DETECTED,NA
bake a pork chop,Instrumental,NO_NODES_DETECTED,NA
access query date,Transactional,NO_NODES_DETECTED,NA
47 chromosomes,Factual,NO_NODES_DETECTED,NA
empire fire and marine insurance,Abstain,NO_NODES_DETECTED,NA
festival in florida,Abstain,Abstain,NA
who proved the world was round,Factual,NO_NODES_DETECTED,NA
apps to get free internet,Transactional,Navigational,NA
pains in stomach,Abstain,Factual,NA
reimage repair scam windows 10,Instrumental,NO_NODES_DETECTED,NA
how does alcohol affect the body,Factual,NO_NODES_DETECTED,NA
ups tv,Transactional,NO_NODES_DETECTED,NA
fiat 500 pop reviews,Factual,NO_NODES_DETECTED,NA
220 c to fahrenheit oven,Factual,NO_NODES_DETECTED,NA
what is a cnm in medical field,Factual,NO_NODES_DETECTED,NA
astroes,Abstain,NO_NODES_DETECTED,NA
standard ethnicity list,Factual,NO_NODES_DETECTED,NA
common weeds identification,Abstain,NO_NODES_DETECTED,NA
i make mistakes,Abstain,NO_NODES_DETECTED,NA
vibrio symptoms,Factual,NO_NODES_DETECTED,NA
ciprodex savings,Abstain,NO_NODES_DETECTED,NA
trachea definition,Factual,NO_NODES_DETECTED,NA
nina dobrev instagram,Abstain,NO_NODES_DETECTED,NA
pho delivery,Abstain,NO_NODES_DETECTED,NA
who sang it,Factual,NO_NODES_DETECTED,NA
new cell phones coming out,Abstain,Navigational,NA
google account opening,Navigational,NO_NODES_DETECTED,NA
america got talent auditions,Navigational,NO_NODES_DETECTED,NA
rocks and soils,Abstain,NO_NODES_DETECTED,NA
paint brush types,Factual,NO_NODES_DETECTED,NA
microsoft hd audio driver windows 10 download,Transactional,Transactional,NA
charities.org,Navigational,Navigational,NA
lever,Factual,NO_NODES_DETECTED,NA
ako login],Navigational,NO_NODES_DETECTED,NA
us dept of health and human services,Factual,Abstain,NA
carport kits do it yourself,Abstain,NO_NODES_DETECTED,NA
high point university news,Abstain,NO_NODES_DETECTED,NA
synonyms of enhance,Factual,NO_NODES_DETECTED,NA
trump is bad,Abstain,NO_NODES_DETECTED,NA
ncap crash test,Abstain,NO_NODES_DETECTED,NA
ohio city income tax rates,Abstain,NO_NODES_DETECTED,NA
healthiest cottage cheese,Abstain,NO_NODES_DETECTED,NA
uses of dry ice,Abstain,NO_NODES_DETECTED,NA
j,Abstain,NO_NODES_DETECTED,NA
how much is a roku account,Factual,Transactional,NA
most expensive house in the world,Abstain,NO_NODES_DETECTED,NA
ww email.com,Navigational,NO_NODES_DETECTED,NA
chest cold,Abstain,NO_NODES_DETECTED,NA
who owns guadalcanal today,Factual,NO_NODES_DETECTED,NA
transformers,Factual,NO_NODES_DETECTED,NA
multiply by decimals,Instrumental,Transactional,NA
chinese communist revolution 1949,Factual,NO_NODES_DETECTED,NA
history of the model t,Abstain,NO_NODES_DETECTED,NA
no till food plot seed,Abstain,NO_NODES_DETECTED,NA
export itunes library,Instrumental,NO_NODES_DETECTED,NA
lotto usa results,Navigational,NO_NODES_DETECTED,NA
requirements for a passport,Abstain,NO_NODES_DETECTED,NA
merciless,Factual,NO_NODES_DETECTED,NA
how much cost to build a house,Factual,NO_NODES_DETECTED,NA
msnb.com,Navigational,Navigational,NA
system mechanic download bought already,Transactional,NO_NODES_DETECTED,NA
change display to two monitors,Instrumental,NO_NODES_DETECTED,NA
superhero definition,Factual,NO_NODES_DETECTED,NA
gallahue mental health services,Abstain,NO_NODES_DETECTED,NA
who owns the federal reserve?,Factual,NO_NODES_DETECTED,NA
fluid in hip joint,Abstain,NO_NODES_DETECTED,NA
ascvd risk calculatro,Transactional,NO_NODES_DETECTED,NA
ssdi versus ssi,Abstain,NO_NODES_DETECTED,NA
kombucha benefits,Abstain,NO_NODES_DETECTED,NA
dvla log book change of address,Abstain,NO_NODES_DETECTED,NA
media creator,Abstain,NO_NODES_DETECTED,NA
cuurency convertor,Transactional,Transactional,NA
karate kid 3 cast,Factual,NO_NODES_DETECTED,NA
10 day weather la,Factual,NO_NODES_DETECTED,NA
transfer number plate,Instrumental,NO_NODES_DETECTED,NA
what are giblets,Factual,NO_NODES_DETECTED,NA
how to answer how are you,Instrumental,NO_NODES_DETECTED,NA
shuterstock,Navigational,NO_NODES_DETECTED,NA
outlook notifications,Abstain,Instrumental,NA
spe blood test,Factual,Abstain,NA
pandora the goddess,Factual,NO_NODES_DETECTED,NA
cymbalta side effects in elderly,Factual,NO_NODES_DETECTED,NA
article on healthy eating,Abstain,Abstain,NA
phase moon,Factual,NO_NODES_DETECTED,NA
sensory disorders,Abstain,NO_NODES_DETECTED,NA
winco grocery store near me,Navigational,NO_NODES_DETECTED,NA
net calculator uk,Transactional,Transactional,NA
chinese first name,Abstain,NO_NODES_DETECTED,NA
great golf,Navigational,NO_NODES_DETECTED,NA
44269 dortmund,Factual,NO_NODES_DETECTED,NA
induce bowel movement quickly,Instrumental,NO_NODES_DETECTED,NA
www.saccounty.org,Navigational,NO_NODES_DETECTED,NA
nursing assistant certification,Abstain,NO_NODES_DETECTED,NA
etsy coupon code,Factual,NO_NODES_DETECTED,NA
lease definition,Factual,NO_NODES_DETECTED,NA
home building kits and prices,Abstain,NO_NODES_DETECTED,NA
rochester carburetors for sale,Abstain,NO_NODES_DETECTED,NA
dachshund meaning,Factual,NO_NODES_DETECTED,NA
meaning of yellow,Factual,Factual,NA
hidan naruto,Factual,NO_NODES_DETECTED,NA
netflix member sign,Navigational,Navigational,NA
uranus ring,Factual,NO_NODES_DETECTED,NA
applyatwalmart.com/jobs,Navigational,Transactional,NA
how to find my microsoft product key,Instrumental,NO_NODES_DETECTED,NA
yakult probiotic drink side effects,Factual,NO_NODES_DETECTED,NA
relative atomic mass definition,Factual,NO_NODES_DETECTED,NA
congestion charging zone,Abstain,NO_NODES_DETECTED,NA
names of muses,Factual,NO_NODES_DETECTED,NA
venomous snakes australia,Abstain,NO_NODES_DETECTED,NA
novelas in english,Abstain,NO_NODES_DETECTED,NA
hhn,Factual,NO_NODES_DETECTED,NA
watts middle school,Abstain,Abstain,NA
pip payment amounts,Factual,NO_NODES_DETECTED,NA
san francisco marriott marquis union square,Navigational,NO_NODES_DETECTED,NA
florida office of insurance regulation,Abstain,NO_NODES_DETECTED,NA
amortixation,Abstain,Transactional,NA
us bank routing number arizona,Factual,NO_NODES_DETECTED,NA
cpi for 2019,Factual,NO_NODES_DETECTED,NA
lung drainage,Abstain,NO_NODES_DETECTED,NA
what's on in derbyshire tomorrow,Factual,NO_NODES_DETECTED,NA
channel 9 weather,Factual,Navigational,NA
mt vernon ky,Abstain,NO_NODES_DETECTED,NA
governor simcoe,Factual,NO_NODES_DETECTED,NA
numbers spreadsheet download for pc,Transactional,NO_NODES_DETECTED,NA
history drama,Abstain,NO_NODES_DETECTED,NA
andy warhol parents,Factual,NO_NODES_DETECTED,NA
order domino's online,Transactional,Transactional,NA
caucausian,Factual,NO_NODES_DETECTED,NA
sbceo,Navigational,NO_NODES_DETECTED,NA
abbreviations list,Abstain,NO_NODES_DETECTED,NA
enhanced drivers license florida,Abstain,NO_NODES_DETECTED,NA
puerto penasco,Abstain,NO_NODES_DETECTED,NA
ucc3 form,Factual,NO_NODES_DETECTED,NA
icd 10 code renal insufficiency,Factual,NO_NODES_DETECTED,NA
the great gatsby movie,Factual,NO_NODES_DETECTED,NA
how long do you bake cod,Factual,NO_NODES_DETECTED,NA
351 transaction,Factual,NO_NODES_DETECTED,NA
what is discipline mean,Factual,NO_NODES_DETECTED,NA
lose weight with water,Instrumental,Factual,NA
5 layers of soil,Factual,NO_NODES_DETECTED,NA
mac& cheese,Factual,NO_NODES_DETECTED,NA
setting up a sep ira,Instrumental,NO_NODES_DETECTED,NA
breast tenderness in older women,Abstain,NO_NODES_DETECTED,NA
patellofemoral osteoarthritis knee,Abstain,NO_NODES_DETECTED,NA
necleolus,Factual,Abstain,NA
weather and climate change,Abstain,NO_NODES_DETECTED,NA
how much are truffles,Factual,NO_NODES_DETECTED,NA
microsoft live xbox,Navigational,Navigational,NA
michael jackson's kids,Factual,NO_NODES_DETECTED,NA
punctuality in the workplace,Abstain,NO_NODES_DETECTED,NA
6 months pregnant,Factual,NO_NODES_DETECTED,NA
bartending certification,Abstain,NO_NODES_DETECTED,NA
finance crisis,Factual,Instrumental,NA
wisconsin sales and use tax,Abstain,Navigational,NA
infant temperament,Abstain,NO_NODES_DETECTED,NA
edit program free,Transactional,Transactional,NA
+www.wwenetwork.com,Navigational,NO_NODES_DETECTED,NA
richard ramirez victims pictures,Factual,NO_NODES_DETECTED,NA
thickening of uterine lining,Abstain,NO_NODES_DETECTED,NA
dia and company,Navigational,Factual,NA
how to get something manufactured,Instrumental,NO_NODES_DETECTED,NA
how do wheel locks work,Instrumental,NO_NODES_DETECTED,NA
letter end,Abstain,NO_NODES_DETECTED,NA
how long to cook pork loin,Factual,NO_NODES_DETECTED,NA
how to cook beef roasting joint,Instrumental,Instrumental,NA
the persian gulf war,Factual,NO_NODES_DETECTED,NA
america facts for kids,Factual,NO_NODES_DETECTED,NA
final fantasy xi,Navigational,NO_NODES_DETECTED,NA
http://www.walmart/careers.com,Navigational,Transactional,NA
latest bill maher,Abstain,NO_NODES_DETECTED,NA
bus canada,Abstain,NO_NODES_DETECTED,NA
wnep school delays and closings,Factual,NO_NODES_DETECTED,NA
krotan,Abstain,NO_NODES_DETECTED,NA
facts about volcanos,Factual,NO_NODES_DETECTED,NA
speedtyping.com,Navigational,Transactional,NA
united club san francisco,Abstain,NO_NODES_DETECTED,NA
first admendment,Factual,Navigational,NA
healthy meals to cook,Factual,NO_NODES_DETECTED,NA
1mymountain.com,Navigational,NO_NODES_DETECTED,NA
mid land,Navigational,NO_NODES_DETECTED,NA
dd 441,Abstain,NO_NODES_DETECTED,NA
fort pickett zip code,Factual,NO_NODES_DETECTED,NA
highwayman,Factual,NO_NODES_DETECTED,NA
louisville in,Factual,NO_NODES_DETECTED,NA
plus size clothing canada online,Transactional,Transactional,NA
ds-160 appointment,Factual,NO_NODES_DETECTED,NA
format sd card to fat32 windows 10,Factual,NO_NODES_DETECTED,NA
uzbekistan population,Factual,NO_NODES_DETECTED,NA
currency converters,Transactional,Transactional,NA
virtual hairstyler,Abstain,NO_NODES_DETECTED,NA
anemia,Abstain,NO_NODES_DETECTED,NA
what does an automotive engineer do,Factual,NO_NODES_DETECTED,NA
msu president,Factual,NO_NODES_DETECTED,NA
www.imap.com,Navigational,Transactional,NA
fedex pars,Abstain,Abstain,NA
recommendation letters for employment,Abstain,NO_NODES_DETECTED,NA
daily forex rates,Abstain,NO_NODES_DETECTED,NA
petro truck stops,Abstain,NO_NODES_DETECTED,NA
high rate cds 6%,Abstain,NO_NODES_DETECTED,NA
skpye download,Transactional,NO_NODES_DETECTED,NA
bactrim ds 800-160,Factual,NO_NODES_DETECTED,NA
best marine sealant,Abstain,NO_NODES_DETECTED,NA
police academy in florida,Abstain,NO_NODES_DETECTED,NA
hip roof calculator,Transactional,Transactional,NA
pensacola fl forecast,Factual,Factual,NA
free account,Transactional,Transactional,NA
winsted mn,Factual,NO_NODES_DETECTED,NA
how to find domains of functions,Instrumental,NO_NODES_DETECTED,NA
bradley il,Factual,NO_NODES_DETECTED,NA
sync your windows phone and pc with your microsoft account,Instrumental,NO_NODES_DETECTED,NA
square foot converter,Transactional,NO_NODES_DETECTED,NA
new apple phone coming out,Factual,Transactional,NA
dog passing blood from rectum,Abstain,NO_NODES_DETECTED,NA
9 digit zip code,Factual,NO_NODES_DETECTED,NA
the divergent series: allegiant cast,Factual,NO_NODES_DETECTED,NA
can you get gout in your ankle,Factual,NO_NODES_DETECTED,NA
association of writers & writing programs,Abstain,NO_NODES_DETECTED,NA
birth certificate,Abstain,NO_NODES_DETECTED,NA
rock climbing richmond,Abstain,NO_NODES_DETECTED,NA
amc forum 30 john r,Factual,NO_NODES_DETECTED,NA
post.org,Navigational,NO_NODES_DETECTED,NA
what is the jurassic period,Factual,NO_NODES_DETECTED,NA
series lost,Factual,NO_NODES_DETECTED,NA
what is illegal immigration,Factual,NO_NODES_DETECTED,NA
how long is human dna,Factual,NO_NODES_DETECTED,NA
channel 5 news atlanta,Abstain,NO_NODES_DETECTED,NA
nature vs nurture experiments,Abstain,NO_NODES_DETECTED,NA
1 hotels new york,Navigational,Abstain,NA
iphone nfc pairing,Abstain,NO_NODES_DETECTED,NA
blue cross blue shield illinois,Navigational,Abstain,NA
ageonline,Navigational,NO_NODES_DETECTED,NA
ga. football,Abstain,NO_NODES_DETECTED,NA
medicaid mississippi,Navigational,Abstain,NA
vegetarian biryani,Factual,NO_NODES_DETECTED,NA
josephbanks,Navigational,NO_NODES_DETECTED,NA
difference between organic and non organic,Abstain,NO_NODES_DETECTED,NA
spine problems scoliosis,Abstain,NO_NODES_DETECTED,NA
reforms,Factual,NO_NODES_DETECTED,NA
tikal national park,Factual,NO_NODES_DETECTED,NA
dsl reports,Navigational,NO_NODES_DETECTED,NA
easy panna cotta recipe,Factual,NO_NODES_DETECTED,NA
irs logon,Navigational,NO_NODES_DETECTED,NA
store coffee,Instrumental,NO_NODES_DETECTED,NA
wolwerin,Factual,Factual,NA
ett medical,Abstain,NO_NODES_DETECTED,NA
how to make a baked potato in the oven,Instrumental,Instrumental,NA
usbank fargo,Navigational,NO_NODES_DETECTED,NA
mla format maker,Abstain,NO_NODES_DETECTED,NA
snymets,Abstain,NO_NODES_DETECTED,NA
california magazine capacity,Abstain,NO_NODES_DETECTED,NA
what is respiratory,Factual,Factual,NA
cimzia indications,Factual,NO_NODES_DETECTED,NA
is elder scrolls online good,Factual,NO_NODES_DETECTED,NA
acreage square feet,Abstain,NO_NODES_DETECTED,NA
usbankk,Abstain,NO_NODES_DETECTED,NA
front desk assistant job description,Factual,NO_NODES_DETECTED,NA
ms patches,Abstain,NO_NODES_DETECTED,NA
holiday inn express cleveland ohio,Factual,NO_NODES_DETECTED,NA
how big is 40 acres,Factual,NO_NODES_DETECTED,NA
pain in the left side of stomach,Abstain,Instrumental,NA
kubota .com,Navigational,Navigational,NA
perks for work,Navigational,NO_NODES_DETECTED,NA
african chimpanzee,Factual,NO_NODES_DETECTED,NA
digestion of fat,Abstain,NO_NODES_DETECTED,NA
holidays throughout the year,Abstain,Abstain,NA
interset rates,Abstain,NO_NODES_DETECTED,NA
university of wasington,Navigational,NO_NODES_DETECTED,NA
weather bug,Factual,Factual,NA
deped cebu province memo,Navigational,NO_NODES_DETECTED,NA
weld county sheriff,Abstain,NO_NODES_DETECTED,NA
mafic rocks,Factual,NO_NODES_DETECTED,NA
are mb or kb bigger,Factual,NO_NODES_DETECTED,NA
high protein foods list uk,Abstain,NO_NODES_DETECTED,NA
gdp increase,Abstain,NO_NODES_DETECTED,NA
usda zones for planting,Factual,NO_NODES_DETECTED,NA
bengals,Abstain,NO_NODES_DETECTED,NA
www.bdo online banking,Transactional,Navigational,NA
washington house of representatives,Factual,NO_NODES_DETECTED,NA
bogdanoff twins,Factual,NO_NODES_DETECTED,NA
how tall is betty white,Factual,NO_NODES_DETECTED,NA
www.albertsons.com weekly ad,Navigational,NO_NODES_DETECTED,NA
how to remove price stickers,Instrumental,NO_NODES_DETECTED,NA
understanding blood test results,Instrumental,NO_NODES_DETECTED,NA
nist time server,Abstain,NO_NODES_DETECTED,NA
george washingtons life,Factual,NO_NODES_DETECTED,NA
worst looking cars,Abstain,NO_NODES_DETECTED,NA
canards meaning,Factual,NO_NODES_DETECTED,NA
zebrz,Factual,NO_NODES_DETECTED,NA
10 things to do in toronto,Abstain,NO_NODES_DETECTED,NA
the weather,Abstain,Navigational,NA
free radio code,Factual,NO_NODES_DETECTED,NA
medicare.fcso/fee schedule,Navigational,NO_NODES_DETECTED,NA
track my phone for free,Transactional,Transactional,NA
in vitro diagnosis,Abstain,NO_NODES_DETECTED,NA
dacia automobile,Factual,NO_NODES_DETECTED,NA
home building cost per square foot,Factual,NO_NODES_DETECTED,NA
north carolina retirement system,Abstain,Navigational,NA
dry mouth causes nhs,Abstain,NO_NODES_DETECTED,NA
q-see view download,Transactional,NO_NODES_DETECTED,NA
fencing history,Abstain,NO_NODES_DETECTED,NA
penguins eat,Factual,NO_NODES_DETECTED,NA
will ferrell imdb,Factual,NO_NODES_DETECTED,NA
toggle button in excel,Instrumental,NO_NODES_DETECTED,NA
telephone alphabet code,Factual,NO_NODES_DETECTED,NA
city of conover,Factual,NO_NODES_DETECTED,NA
largest commercial airplane,Factual,NO_NODES_DETECTED,NA
symptoms of uti men,Abstain,NO_NODES_DETECTED,NA
weather madrid spain,Factual,NO_NODES_DETECTED,NA
proglitazone,Factual,NO_NODES_DETECTED,NA
back leg muscle,Abstain,NO_NODES_DETECTED,NA
health insurance plans,Abstain,Abstain,NA
skype contact number,Factual,NO_NODES_DETECTED,NA
www.straighttalk.com account,Navigational,NO_NODES_DETECTED,NA
top 10 google searches 2018,Abstain,NO_NODES_DETECTED,NA
popular types of music,Abstain,NO_NODES_DETECTED,NA
delta dental ppo high coverage,Navigational,NO_NODES_DETECTED,NA
upper motor neuron vs lower motor neuron,Abstain,NO_NODES_DETECTED,NA
windows control panel,Abstain,NO_NODES_DETECTED,NA
samsclubcredit.com,Navigational,NO_NODES_DETECTED,NA
flux core vs mig welding,Abstain,NO_NODES_DETECTED,NA
google financ,Navigational,NO_NODES_DETECTED,NA
plant pollination,Abstain,Factual,NA
post high school education,Factual,NO_NODES_DETECTED,NA
is the sun the biggest star,Factual,NO_NODES_DETECTED,NA
www.ticketmaster.com,Navigational,Navigational,NA
top 10 tennis players of all time,Abstain,NO_NODES_DETECTED,NA
what is bronchitis?,Factual,NO_NODES_DETECTED,NA
carolingian renaissance,Factual,NO_NODES_DETECTED,NA
ncb online,Transactional,Navigational,NA
calhoun schools calhoun ga,Navigational,Abstain,NA
angry birds wikipedia,Navigational,NO_NODES_DETECTED,NA
noun university,Abstain,NO_NODES_DETECTED,NA
rue recipe,Factual,NO_NODES_DETECTED,NA
queen size bedspreads on sale,Abstain,NO_NODES_DETECTED,NA
food with magnesium rich foods,Abstain,NO_NODES_DETECTED,NA
chase card services,Navigational,Navigational,NA
distance from atlanta to savannah,Factual,NO_NODES_DETECTED,NA
cancun to playa del carmen,Abstain,Abstain,NA
version control,Abstain,NO_NODES_DETECTED,NA
types of manufacturing companies,Abstain,NO_NODES_DETECTED,NA
what foods contain carbs,Factual,NO_NODES_DETECTED,NA
forex mcx,Navigational,NO_NODES_DETECTED,NA
death index search,Abstain,NO_NODES_DETECTED,NA
cialis daily dose,Abstain,NO_NODES_DETECTED,NA
ryzen memory,Abstain,NO_NODES_DETECTED,NA
alpecin caffeine shampoo side effects,Factual,NO_NODES_DETECTED,NA
small oranges cuties,Abstain,NO_NODES_DETECTED,NA
benefits of breast milk,Abstain,NO_NODES_DETECTED,NA
verizon update towers,Abstain,Navigational,NA
power point veiwer,Transactional,NO_NODES_DETECTED,NA
high school equivalent,Abstain,NO_NODES_DETECTED,NA
sql order descending,Factual,NO_NODES_DETECTED,NA
nurse aide registry massachusetts,Abstain,NO_NODES_DETECTED,NA
gordo's,Abstain,NO_NODES_DETECTED,NA
gum tree australia,Abstain,NO_NODES_DETECTED,NA
track fedex smartpost,Instrumental,NO_NODES_DETECTED,NA
how much are solar panels,Factual,NO_NODES_DETECTED,NA
sikh surnames,Abstain,NO_NODES_DETECTED,NA
sears stores near me,Navigational,NO_NODES_DETECTED,NA
aa milne,Factual,NO_NODES_DETECTED,NA
apply for a dbs,Instrumental,NO_NODES_DETECTED,NA
nc sales tax,Navigational,NO_NODES_DETECTED,NA
ups calculator for shipping,Transactional,NO_NODES_DETECTED,NA
inflammatory foods,Abstain,NO_NODES_DETECTED,NA
macs 609,Factual,NO_NODES_DETECTED,NA
minecraft earth codes,Factual,NO_NODES_DETECTED,NA
why wont chrome open,Factual,NO_NODES_DETECTED,NA
buffer recipe,Factual,NO_NODES_DETECTED,NA
sweet potato diet,Abstain,NO_NODES_DETECTED,NA
popular baby names,Abstain,Abstain,NA
ninda,Factual,NO_NODES_DETECTED,NA
what to do when your eyes hurt,Factual,NO_NODES_DETECTED,NA
what is pneumonia,Factual,NO_NODES_DETECTED,NA
princess di,Abstain,NO_NODES_DETECTED,NA
ethylene glycol coolant color,Abstain,NO_NODES_DETECTED,NA
difference between language and dialect,Abstain,NO_NODES_DETECTED,NA
transporteur dpd,Navigational,NO_NODES_DETECTED,NA
cyclooxygenase,Abstain,NO_NODES_DETECTED,NA
dmv nj gov,Navigational,Navigational,NA
at&t star codes for phones,Factual,NO_NODES_DETECTED,NA
quetzalcoatl god,Factual,NO_NODES_DETECTED,NA
vue tv,Abstain,NO_NODES_DETECTED,NA
kentucky finance cabinet,Navigational,NO_NODES_DETECTED,NA
tor project download windows,Transactional,NO_NODES_DETECTED,NA
edby,Abstain,NO_NODES_DETECTED,NA
mcgovern hyundai brockton,Navigational,Abstain,NA
how much is internet with xfinity,Factual,NO_NODES_DETECTED,NA
myr,Factual,NO_NODES_DETECTED,NA
analysis phase of sdlc,Abstain,NO_NODES_DETECTED,NA
iacra login,Navigational,NO_NODES_DETECTED,NA
ventral spinal cord,Factual,NO_NODES_DETECTED,NA
world health organisation breastfeeding uk,Abstain,NO_NODES_DETECTED,NA
toronto blue jays jacket,Abstain,NO_NODES_DETECTED,NA
office of medicaid inspector general,Navigational,NO_NODES_DETECTED,NA
pharaonic egypt,Abstain,NO_NODES_DETECTED,NA
projector screen,Abstain,NO_NODES_DETECTED,NA
calhoun,Factual,NO_NODES_DETECTED,NA
hoise,Navigational,NO_NODES_DETECTED,NA
best bridesmaid dresses online,Transactional,Transactional,NA
lufthansa slogan,Abstain,NO_NODES_DETECTED,NA
homogenization,Factual,NO_NODES_DETECTED,NA
ropivacaine vs bupivacaine,Abstain,NO_NODES_DETECTED,NA
sample recommendation letters,Abstain,NO_NODES_DETECTED,NA
ppo,Abstain,NO_NODES_DETECTED,NA
external display,Abstain,NO_NODES_DETECTED,NA
amsterdam tulip season,Abstain,NO_NODES_DETECTED,NA
spectrum internet upload speeds,Abstain,NO_NODES_DETECTED,NA
fuzzy bears,Factual,NO_NODES_DETECTED,NA
usb-a,Abstain,Navigational,NA
oven temp for pork tenderloin,Abstain,NO_NODES_DETECTED,NA
amazon telephone number customer service,Factual,NO_NODES_DETECTED,NA
four forces of nature,Abstain,NO_NODES_DETECTED,NA
atcts account registration,Navigational,NO_NODES_DETECTED,NA
bipolar condition,Factual,NO_NODES_DETECTED,NA
when was the thermometer invented,Factual,NO_NODES_DETECTED,NA
www.netspend.com/activate visa,Navigational,NO_NODES_DETECTED,NA
the sausage maker,Abstain,NO_NODES_DETECTED,NA
"weather for pittsburgh, pa",Factual,NO_NODES_DETECTED,NA
how to care for a newborn boy,Instrumental,NO_NODES_DETECTED,NA
signs and symptoms of lupus,Abstain,NO_NODES_DETECTED,NA
best outdoor flowering plants,Abstain,NO_NODES_DETECTED,NA
la mesa california,Abstain,NO_NODES_DETECTED,NA
valium pills,Factual,Abstain,NA
ewealthmanager login,Navigational,NO_NODES_DETECTED,NA
ige serum,Abstain,NO_NODES_DETECTED,NA
ramen coleslaw,Factual,NO_NODES_DETECTED,NA
calculate mpg,Instrumental,NO_NODES_DETECTED,NA
allegheny county assistance office pa,Abstain,NO_NODES_DETECTED,NA
the wembley,Factual,NO_NODES_DETECTED,NA
md mva,Navigational,Navigational,NA
my local congressman,Abstain,Instrumental,NA
what is the maximum number of rows in excel,Factual,NO_NODES_DETECTED,NA
sterling federal credit union,Navigational,NO_NODES_DETECTED,NA
google backup for android phone,Instrumental,NO_NODES_DETECTED,NA
nramemberservices.org,Navigational,Navigational,NA
bulb invented by,Factual,NO_NODES_DETECTED,NA
events in nh today,Abstain,NO_NODES_DETECTED,NA
macfree,Navigational,NO_NODES_DETECTED,NA
ebitda definition formula,Factual,NO_NODES_DETECTED,NA
prague temperatures by month,Factual,NO_NODES_DETECTED,NA
byte order,Abstain,NO_NODES_DETECTED,NA
lithuanian language,Factual,NO_NODES_DETECTED,NA
balsalazide disodium 750mg,Factual,NO_NODES_DETECTED,NA
colonialism in nigeria,Abstain,NO_NODES_DETECTED,NA
crafting guide gw2,Factual,NO_NODES_DETECTED,NA
james v reyes,Abstain,NO_NODES_DETECTED,NA
quicken interest rates,Navigational,NO_NODES_DETECTED,NA
what is cold brew coffee,Factual,NO_NODES_DETECTED,NA
gym membership,Abstain,NO_NODES_DETECTED,NA
how do you sell a car,Instrumental,NO_NODES_DETECTED,NA
dark spots on tongue,Abstain,Factual,NA
2know,Navigational,NO_NODES_DETECTED,NA
weather history by date,Abstain,Navigational,NA
recipe for zucchini and squash,Factual,NO_NODES_DETECTED,NA
recommended 401k contributions by age,Factual,NO_NODES_DETECTED,NA
how to update my sgli online,Instrumental,NO_NODES_DETECTED,NA
pc support scam,Abstain,NO_NODES_DETECTED,NA
html style tag,Abstain,NO_NODES_DETECTED,NA
ncstate fair,Navigational,Navigational,NA
can jews eat shrimp,Factual,NO_NODES_DETECTED,NA
amaric,Factual,NO_NODES_DETECTED,NA
st pauline,Factual,NO_NODES_DETECTED,NA
brale,Factual,NO_NODES_DETECTED,NA
vrbo.com,Navigational,NO_NODES_DETECTED,NA
apply for costco membership,Instrumental,NO_NODES_DETECTED,NA
currency for cuba,Abstain,NO_NODES_DETECTED,NA
best rain gutters,Abstain,Navigational,NA
outlook set up,Instrumental,Navigational,NA
history of trolls,Abstain,NO_NODES_DETECTED,NA
histrionic personality disorder examples,Factual,NO_NODES_DETECTED,NA
2016 vw gti,Factual,NO_NODES_DETECTED,NA
what mobile phone is best for me,Factual,NO_NODES_DETECTED,NA
transmembrane potential,Abstain,NO_NODES_DETECTED,NA
surgery for detached retina,Abstain,NO_NODES_DETECTED,NA
interpreting blood test results,Instrumental,NO_NODES_DETECTED,NA
severe abdominal pain,Abstain,Instrumental,NA
medical information bureau,Abstain,NO_NODES_DETECTED,NA
finance companies for bad credit,Abstain,NO_NODES_DETECTED,NA
parts of the scalp,Factual,NO_NODES_DETECTED,NA
softwood tree,Abstain,NO_NODES_DETECTED,NA
tricare young adult program,Abstain,NO_NODES_DETECTED,NA
nsips new link,Abstain,NO_NODES_DETECTED,NA
ny state wcb,Navigational,NO_NODES_DETECTED,NA
fit-dna test,Abstain,NO_NODES_DETECTED,NA
the ups store.com,Navigational,NO_NODES_DETECTED,NA
the founder of google,Factual,NO_NODES_DETECTED,NA
england and united kingdom,Abstain,NO_NODES_DETECTED,NA
oee performance calculation,Abstain,NO_NODES_DETECTED,NA
venous thromboembolism,Factual,NO_NODES_DETECTED,NA
cone shapes,Factual,NO_NODES_DETECTED,NA
demerara sugar,Abstain,NO_NODES_DETECTED,NA
rassmussen presidential apporval,Navigational,NO_NODES_DETECTED,NA
exchange definition,Factual,NO_NODES_DETECTED,NA
westjet world elite mastercard login,Navigational,Navigational,NA
illinois lottery official site,Navigational,NO_NODES_DETECTED,NA
wellsfargo/activatecard.com,Navigational,Navigational,NA
myhbo,Navigational,NO_NODES_DETECTED,NA
water safety tips,Abstain,NO_NODES_DETECTED,NA
saudiaramco.com,Navigational,NO_NODES_DETECTED,NA
meningitis fever,Abstain,NO_NODES_DETECTED,NA
when did usa join ww2,Factual,NO_NODES_DETECTED,NA
why does google chrome go to bing,Factual,NO_NODES_DETECTED,NA
texasfarmbureau.com,Navigational,NO_NODES_DETECTED,NA
sharepointonline.com,Navigational,NO_NODES_DETECTED,NA
ranier,Abstain,NO_NODES_DETECTED,NA
who blood pressure chart,Factual,NO_NODES_DETECTED,NA
substitute greek yogurt for sour cream,Abstain,NO_NODES_DETECTED,NA
uk boy bands,Abstain,NO_NODES_DETECTED,NA
the boss baby 2017,Factual,NO_NODES_DETECTED,NA
good professional skills,Abstain,NO_NODES_DETECTED,NA
alan alda,Factual,NO_NODES_DETECTED,NA
iron maiden albums,Factual,NO_NODES_DETECTED,NA
damsels in distress,Factual,NO_NODES_DETECTED,NA
genocide rwanda,Abstain,NO_NODES_DETECTED,NA
california non resident tax form,Instrumental,NO_NODES_DETECTED,NA
what is the abbreviation for for example,Factual,NO_NODES_DETECTED,NA
how to treat mites on chickens,Instrumental,NO_NODES_DETECTED,NA
text to speech,Abstain,NO_NODES_DETECTED,NA
poseidon story,Factual,NO_NODES_DETECTED,NA
alphabetical list of american artists,Abstain,NO_NODES_DETECTED,NA
active transport and passive transport,Abstain,NO_NODES_DETECTED,NA
magnesium taurate supplements,Abstain,NO_NODES_DETECTED,NA
margot robbie actress,Factual,NO_NODES_DETECTED,NA
adp kimpton vantage,Navigational,NO_NODES_DETECTED,NA
is rice a grain,Factual,NO_NODES_DETECTED,NA
cross curricular lessons,Abstain,NO_NODES_DETECTED,NA
symptoms of high bun,Abstain,NO_NODES_DETECTED,NA
fifa world cup women 2019,Navigational,NO_NODES_DETECTED,NA
gutters installed,Factual,NO_NODES_DETECTED,NA
md medical license lookup,Abstain,NO_NODES_DETECTED,NA
first bank,Abstain,Navigational,NA
match in excel,Factual,NO_NODES_DETECTED,NA
nfl schedule today on tv,Navigational,NO_NODES_DETECTED,NA
salah wikipedia,Navigational,NO_NODES_DETECTED,NA
animated engines,Navigational,NO_NODES_DETECTED,NA
cherokee reservations,Abstain,NO_NODES_DETECTED,NA
ucl thumb,Abstain,Abstain,NA
excel qm 5.2,Factual,NO_NODES_DETECTED,NA
reference a book,Instrumental,NO_NODES_DETECTED,NA
allstate uber claims,Navigational,NO_NODES_DETECTED,NA
dla stores web,Navigational,NO_NODES_DETECTED,NA
applied kinesiology,Factual,NO_NODES_DETECTED,NA
examples of hydrophobic molecules,Factual,NO_NODES_DETECTED,NA
f1 result today,Navigational,NO_NODES_DETECTED,NA
bpa,Navigational,NO_NODES_DETECTED,NA
word to pdf converter online free,Transactional,Transactional,NA
dinovite for dogs,Navigational,NO_NODES_DETECTED,NA
valentine's day meaning and definition,Factual,NO_NODES_DETECTED,NA
racism for kids,Factual,NO_NODES_DETECTED,NA
airbed uk,Abstain,NO_NODES_DETECTED,NA
emirates seat pitch,Abstain,NO_NODES_DETECTED,NA
directv,Abstain,NO_NODES_DETECTED,NA
top high schools in the us,Abstain,NO_NODES_DETECTED,NA
epa fuel mileage ratings,Abstain,NO_NODES_DETECTED,NA
what is m.a. degree,Factual,NO_NODES_DETECTED,NA
french revolution of 1789,Factual,Factual,NA
stages of grif,Abstain,NO_NODES_DETECTED,NA
capricorn birth stone,Abstain,NO_NODES_DETECTED,NA
is death penalty effective,Factual,NO_NODES_DETECTED,NA
airline tracking flights,Abstain,Navigational,NA
tri county electric celina tn,Navigational,NO_NODES_DETECTED,NA
price chopper rewards,Navigational,NO_NODES_DETECTED,NA
sheree real housewives of atlanta,Factual,NO_NODES_DETECTED,NA
calculate attrition,Instrumental,NO_NODES_DETECTED,NA
corgis,Abstain,NO_NODES_DETECTED,NA
suicide prevention program,Abstain,NO_NODES_DETECTED,NA
j&j benefits login,Navigational,NO_NODES_DETECTED,NA
how to make name badges,Instrumental,NO_NODES_DETECTED,NA
who is travis barker,Factual,NO_NODES_DETECTED,NA
1st president,Factual,NO_NODES_DETECTED,NA
what are subatomic particles made of,Factual,NO_NODES_DETECTED,NA
ancient chinese herbal medicine,Abstain,NO_NODES_DETECTED,NA
apa in text citation for 4 authors,Factual,Instrumental,NA
boiled eggs in oven muffin tin,Instrumental,NO_NODES_DETECTED,NA
update dbs online,Transactional,NO_NODES_DETECTED,NA
speedctest,Navigational,NO_NODES_DETECTED,NA
how seo works,Factual,NO_NODES_DETECTED,NA
navigate,Abstain,NO_NODES_DETECTED,NA
hunter thompson,Factual,NO_NODES_DETECTED,NA
surrealism paintings,Abstain,NO_NODES_DETECTED,NA
edit access,Instrumental,NO_NODES_DETECTED,NA
echanesia,Factual,NO_NODES_DETECTED,NA
wakemed web,Navigational,NO_NODES_DETECTED,NA
guinness harp,Abstain,NO_NODES_DETECTED,NA
andromeda,Abstain,NO_NODES_DETECTED,NA
sage publishers,Navigational,NO_NODES_DETECTED,NA
natural gas meter,Factual,Abstain,NA
national priorities,Navigational,NO_NODES_DETECTED,NA
stuxnet wiki,Factual,NO_NODES_DETECTED,NA
construed in a sentence,Factual,NO_NODES_DETECTED,NA
what does the lion symbolize,Factual,NO_NODES_DETECTED,NA
orthopedic spine specialist,Abstain,NO_NODES_DETECTED,NA
tomgreen,Factual,NO_NODES_DETECTED,NA
the history of tv,Abstain,Transactional,NA
cities in oaxaca mexico,Abstain,NO_NODES_DETECTED,NA
kidney ultrasound preparation,Abstain,NO_NODES_DETECTED,NA
therapy dog certification requirements,Abstain,NO_NODES_DETECTED,NA
tender package,Abstain,NO_NODES_DETECTED,NA
wi license lookup,Navigational,NO_NODES_DETECTED,NA
aarp travel,Abstain,NO_NODES_DETECTED,NA
employers compensation insurance,Abstain,NO_NODES_DETECTED,NA
series top online,Abstain,NO_NODES_DETECTED,NA
ip codes lookup,Factual,NO_NODES_DETECTED,NA
hpd credit union,Navigational,NO_NODES_DETECTED,NA
3:30 central time,Factual,Factual,NA
orange theory gift cards,Abstain,NO_NODES_DETECTED,NA
contractor lookup california,Abstain,NO_NODES_DETECTED,NA
print ruler actual size,Factual,Instrumental,NA
cat scan with contrast,Factual,NO_NODES_DETECTED,NA
group activities for adults,Abstain,NO_NODES_DETECTED,NA
what is a carbon copy email,Factual,NO_NODES_DETECTED,NA
futures stock,Abstain,NO_NODES_DETECTED,NA
parkland high school pa,Factual,Abstain,NA
foxwoods sign in,Navigational,NO_NODES_DETECTED,NA
table numbers and stands,Abstain,NO_NODES_DETECTED,NA
internet explorer 17,Factual,NO_NODES_DETECTED,NA
flysouthwest.com,Navigational,Navigational,NA
what is texas time zone,Factual,NO_NODES_DETECTED,NA
define pons,Abstain,NO_NODES_DETECTED,NA
scottish female names,Abstain,NO_NODES_DETECTED,NA
floridablue,Abstain,NO_NODES_DETECTED,NA
who is dennis rodman,Factual,NO_NODES_DETECTED,NA
home depot return policy 2019,Abstain,NO_NODES_DETECTED,NA
hundredweight,Abstain,NO_NODES_DETECTED,NA
"e,g,",Factual,NO_NODES_DETECTED,NA
balsamic vinegar dressing recipe,Factual,NO_NODES_DETECTED,NA
java random number generator,Instrumental,NO_NODES_DETECTED,NA
exp;orer,Transactional,NO_NODES_DETECTED,NA
where did the etruscans originate,Factual,NO_NODES_DETECTED,NA
a spondylosis,Abstain,NO_NODES_DETECTED,NA
1/4 sheet cake feeds how many,Factual,NO_NODES_DETECTED,NA
best shampoo and conditioner for hair growth,Abstain,Abstain,NA
causative definition,Factual,NO_NODES_DETECTED,NA
rail meaning,Factual,NO_NODES_DETECTED,NA
american revolutionary war dates,Abstain,NO_NODES_DETECTED,NA
las vegas airport,Navigational,Abstain,NA
pdf to word convertoer,Navigational,Transactional,NA
cheap flight reservations,Abstain,Abstain,NA
winco cda,Navigational,NO_NODES_DETECTED,NA
organic clay,Abstain,NO_NODES_DETECTED,NA
bank key meaning,Factual,NO_NODES_DETECTED,NA
stpre,Navigational,NO_NODES_DETECTED,NA
solar screen,Abstain,NO_NODES_DETECTED,NA
exempt vs non-exempt employees,Factual,NO_NODES_DETECTED,NA
www.carespot.com,Navigational,NO_NODES_DETECTED,NA
barack obama article,Abstain,NO_NODES_DETECTED,NA
juvenile life without parole,Abstain,NO_NODES_DETECTED,NA
xampp4,Navigational,NO_NODES_DETECTED,NA
dell sales number,Factual,Navigational,NA
www.dhr.alabama.gov child support,Navigational,NO_NODES_DETECTED,NA
kermit frog,Factual,NO_NODES_DETECTED,NA
women in black movie release for 2018,Factual,NO_NODES_DETECTED,NA
agb whatsapp,Navigational,NO_NODES_DETECTED,NA
magic chef microwave problems,Abstain,NO_NODES_DETECTED,NA
zero down lease offers,Transactional,NO_NODES_DETECTED,NA
www.banggood.com,Navigational,NO_NODES_DETECTED,NA
iec amendment online,Abstain,NO_NODES_DETECTED,NA
motley crue discography,Navigational,NO_NODES_DETECTED,NA
psychology graduate jobs,Abstain,Abstain,NA
what does loaded question mean,Factual,NO_NODES_DETECTED,NA
matcha tea benefits dr oz,Abstain,NO_NODES_DETECTED,NA
sldcada navy login,Navigational,NO_NODES_DETECTED,NA
routing and switching,Abstain,NO_NODES_DETECTED,NA
water based polyurethane,Abstain,NO_NODES_DETECTED,NA
pregnancy trimesters,Abstain,NO_NODES_DETECTED,NA
feline stomach cancer,Abstain,Abstain,NA
bechets,Abstain,NO_NODES_DETECTED,NA
full body physical examination procedure,Factual,NO_NODES_DETECTED,NA
federal salaries database,Navigational,NO_NODES_DETECTED,NA
todays baseball scores,Factual,NO_NODES_DETECTED,NA
fees for service,Factual,NO_NODES_DETECTED,NA
ao smith boilers,Abstain,NO_NODES_DETECTED,NA
drawing board for computer,Abstain,NO_NODES_DETECTED,NA
nagual definition,Factual,NO_NODES_DETECTED,NA
ira limits 2018 over 50,Factual,NO_NODES_DETECTED,NA
what is a healthy total cholesterol level,Factual,NO_NODES_DETECTED,NA
denton texas weather,Factual,NO_NODES_DETECTED,NA
array size c,Factual,NO_NODES_DETECTED,NA
adt pulse login,Navigational,NO_NODES_DETECTED,NA
a-scan biometry,Abstain,NO_NODES_DETECTED,NA
humana company,Factual,NO_NODES_DETECTED,NA
is tuna keto friendly,Factual,NO_NODES_DETECTED,NA
what does gop mean in american politics,Factual,NO_NODES_DETECTED,NA
quotes on art,Abstain,Navigational,NA
wifi cable,Abstain,NO_NODES_DETECTED,NA
best ultrasonic dog repellent devices,Abstain,NO_NODES_DETECTED,NA
how to apply for british passport,Instrumental,NO_NODES_DETECTED,NA
food sensitivity test reviews,Abstain,NO_NODES_DETECTED,NA
12 lakhs,Factual,NO_NODES_DETECTED,NA
miami dade building department forms,Navigational,NO_NODES_DETECTED,NA
alarax,Factual,NO_NODES_DETECTED,NA
delete outlook mail,Instrumental,Navigational,NA
providence,Navigational,NO_NODES_DETECTED,NA
eurogolf,Abstain,NO_NODES_DETECTED,NA
computer science jobs,Abstain,NO_NODES_DETECTED,NA
nobel peace prize winners list,Abstain,NO_NODES_DETECTED,NA
google classtoo,Abstain,NO_NODES_DETECTED,NA
lululemon coupons,Abstain,NO_NODES_DETECTED,NA
www.chaseamazon.com,Navigational,Navigational,NA
neutral stimulus,Abstain,NO_NODES_DETECTED,NA
register for sat,Instrumental,NO_NODES_DETECTED,NA
voting locations by zip code,Factual,NO_NODES_DETECTED,NA
tax code l,Factual,NO_NODES_DETECTED,NA
www.colonialpenn.com life insurance,Navigational,Navigational,NA
how many americans served in ww1,Factual,NO_NODES_DETECTED,NA
honor mi,Abstain,NO_NODES_DETECTED,NA
tai air,Navigational,NO_NODES_DETECTED,NA
bose earbuds bluetooth,Abstain,NO_NODES_DETECTED,NA
utv weather forecast,Factual,Factual,NA
what is the best prescription diet pill,Factual,NO_NODES_DETECTED,NA
camber caster toe explained,Abstain,NO_NODES_DETECTED,NA
costco en ligne franÃ§ais,Navigational,NO_NODES_DETECTED,NA
level of aggregation,Abstain,NO_NODES_DETECTED,NA
aura colors,Abstain,NO_NODES_DETECTED,NA
xbox live account login,Navigational,Navigational,NA
www.politico.com,Navigational,NO_NODES_DETECTED,NA
blackwater reptile,Transactional,NO_NODES_DETECTED,NA
www.vonage.co.uk login,Navigational,Navigational,NA
california real estate license application,Navigational,NO_NODES_DETECTED,NA
haskell quicksort,Abstain,NO_NODES_DETECTED,NA
ancient greek clothes,Abstain,NO_NODES_DETECTED,NA
wakeforestbaptist,Abstain,NO_NODES_DETECTED,NA
duplicate word page,Instrumental,NO_NODES_DETECTED,NA
kinds of music,Abstain,NO_NODES_DETECTED,NA
plymouth roadster,Factual,NO_NODES_DETECTED,NA
the showman movie,Factual,NO_NODES_DETECTED,NA
yahoo! fantasy sports,Navigational,Navigational,NA
country code united states,Factual,NO_NODES_DETECTED,NA
fllotto,Navigational,Factual,NA
"www,wellsfargocom",Navigational,NO_NODES_DETECTED,NA
crock pot sirloin tip roast,Instrumental,NO_NODES_DETECTED,NA
discover pay online,Transactional,Transactional,NA
lackland afb county,Factual,NO_NODES_DETECTED,NA
democratic party chairman,Abstain,NO_NODES_DETECTED,NA
atalectasis,Factual,NO_NODES_DETECTED,NA
mercy general hospital,Abstain,NO_NODES_DETECTED,NA
best surgery for acid reflux,Abstain,NO_NODES_DETECTED,NA
poison ivy actress,Abstain,NO_NODES_DETECTED,NA
connecticut elections,Abstain,NO_NODES_DETECTED,NA
queen sheet sets,Abstain,NO_NODES_DETECTED,NA
pixma mg3600 wireless setup without disc,Instrumental,NO_NODES_DETECTED,NA
pah compounds,Factual,NO_NODES_DETECTED,NA
avg internet,Abstain,Navigational,NA
usaa san antonio,Abstain,NO_NODES_DETECTED,NA
www.antennasearch.com,Navigational,NO_NODES_DETECTED,NA
what is spinal meningitis,Factual,NO_NODES_DETECTED,NA
ebs flexible spending account,Abstain,NO_NODES_DETECTED,NA
volt drop calculator,Transactional,NO_NODES_DETECTED,NA
my ring account,Navigational,Navigational,NA
delusion of jealousy,Abstain,NO_NODES_DETECTED,NA
residual volume,Factual,NO_NODES_DETECTED,NA
windows 10 turn off screen lock,Instrumental,NO_NODES_DETECTED,NA
samples of contracts,Abstain,NO_NODES_DETECTED,NA
b12 vitamin food,Abstain,Factual,NA
news sport football,Abstain,NO_NODES_DETECTED,NA
alveoli structure and function,Abstain,NO_NODES_DETECTED,NA
starwars disneyland,Abstain,NO_NODES_DETECTED,NA
what router should i buy,Factual,NO_NODES_DETECTED,NA
ncdps forms,Navigational,NO_NODES_DETECTED,NA
how much oxycodone is safe,Factual,NO_NODES_DETECTED,NA
micro anti-snoring device,Abstain,NO_NODES_DETECTED,NA
cvs market,Abstain,NO_NODES_DETECTED,NA
riverside county ca property tax search,Navigational,NO_NODES_DETECTED,NA
bank of america abuse reporting,Navigational,NO_NODES_DETECTED,NA
electricity facts,Factual,NO_NODES_DETECTED,NA
hit ledger,Factual,NO_NODES_DETECTED,NA
first health insurance reviews,Abstain,NO_NODES_DETECTED,NA
luxury suv rental,Abstain,NO_NODES_DETECTED,NA
sam's club synchrony sign in,Navigational,NO_NODES_DETECTED,NA
sylane,Abstain,Factual,NA
